{"cameraMode":{"drawMode":0,"name":"Shaded","section":"Shading Mode"},"sceneLighting":true,"audioPlay":false,"sceneViewState":{"showFog":true,"showMaterialUpdate":false,"showSkybox":true,"showFlares":true,"showImageEffects":true,"showParticleSystems":true},"in2DMode":false,"pivot":{"x":7.0458984375,"y":4.668395042419434,"z":-6.699517250061035},"rotation":{"x":0.09954751282930374,"y":-0.2661648690700531,"z":0.027646861970424653,"w":0.9583748579025269},"size":10.437467575073243,"orthographic":true}